docform_cluster	docform_cluster_prob	doc_family	ext	extraction_method	doc_id	sha256	source_root	rel_path	size_bytes	n_chars	n_lines	digit_ratio	upper_ratio	email_count	phone_like_count	date_like_count	money_like_count	preview_snip
c0000	1.0	text	.txt	textlike	3b683f3174a101b02148d965	3b683f3174a101b02148d965e55916743a46715f6df4c71cd8fb66aa29b2ac14	TEXT-20251116T222102Z-1-001	TEXT-20251116T222102Z-1-001/TEXT/001/HOUSE_OVERSIGHT_022811.txt	75276	74430	3828	0.0223028348784092	0.0455192798602714	2	20	0	1	"﻿From: 	""Saved by Internet Explorer 11""	\r Subject: 	Client Who Stood Up for Boies Goes Public in Sex Trafficking Case | Law.com	\r Date: 	Tue, 9 Jan 2018 08:51:12 -0500	\r                                                                    "
c0000	1.0	text	.txt	textlike	c966c7cf0c96fa47a96011c3	c966c7cf0c96fa47a96011c3d568d6685a43b61e0e134011ce2a2c36ddaa2562	TEXT-20251116T222102Z-1-001	TEXT-20251116T222102Z-1-001/TEXT/001/HOUSE_OVERSIGHT_020153.txt	721508	710675	3367	0.0102381538678017	0.0411749393182537	0	233	2	39	﻿[DECEMBER DRAFT--- 287 pages]\r \r \r \r THE SNOWDEN AFFAIR \r \r \r  A Spy Story in Six Parts\r \r \r \r By Edward Jay Epstein\r \r \r \r \r                                             CONTENTS\r \r \r \r                               PRO
c0000	1.0	text	.txt	textlike	2bd4fd955b80cc43d4f63eb6	2bd4fd955b80cc43d4f63eb60129434cb52478f02c6280f59bf0c044de09ddb9	TEXT-20251116T222102Z-1-001	TEXT-20251116T222102Z-1-001/TEXT/001/HOUSE_OVERSIGHT_016554.txt	54458	54373	792	0.0230813087377926	0.0902653890717819	0	6	1	64	"﻿          	     TOWN OF PALM BEACH	 \r\r         	  		  POLICE DEPARTMENT\r\r 			\r\r                                                     A NATIONAL AND STATE ACCREDITED LAW ENFORCEMENT AGENCY\r\r \r\r \r\r \r\r \r\r                CODE EN"
c0000	1.0	text	.txt	textlike	a8c8a4f63377edc9773cfa29	a8c8a4f63377edc9773cfa29be254eebef25bff86efbfde233facec75dd8fbde	TEXT-20251116T222102Z-1-001	TEXT-20251116T222102Z-1-001/TEXT/001/HOUSE_OVERSIGHT_016602.txt	35906	35882	682	0.0219608717462794	0.1059026810099771	0	2	1	25	"﻿          	     TOWN OF PALM BEACH	 \r\r         	  		  POLICE DEPARTMENT\r\r 			\r\r                                                     A NATIONAL AND STATE ACCREDITED LAW ENFORCEMENT AGENCY\r\r \r\r \r\r \r\r \r\r                CODE EN"
c0000	1.0	text	.txt	textlike	b75cd0a864896d9724410aa6	b75cd0a864896d9724410aa629f9e18a9cb0c86bf7a53843d05c1b231ddbeac6	TEXT-20251116T222102Z-1-001	TEXT-20251116T222102Z-1-001/TEXT/001/HOUSE_OVERSIGHT_030030.txt	50053	49685	397	0.0045285297373452	0.0293448726979973	0	2	0	1	"﻿                     29 March, 2011\r\r Article 1.	Foreign Policy\r The Syrian Time Bomb\r Patrick Seale	\r Article 2.	Politico\r Obama failing as commander in chief\r Robert D. Blackwill	\r Article 3.	The Financial Times\r Libya, a last h"
c0000	1.0	text	.txt	textlike	c952ba8aaa6ba72145ed9d26	c952ba8aaa6ba72145ed9d269df129eb4ed2f2479d318e973c019c7b0bedad36	TEXT-20251116T222102Z-1-001	TEXT-20251116T222102Z-1-001/TEXT/001/HOUSE_OVERSIGHT_024592.txt	54295	54035	351	0.0070324789488294	0.029647450726381	0	0	1	6	"﻿                     \r\r 25 August, 2011\r\r \r\r Article 1.	Scientific American\r Is Muammar Qadhafi Clinically Psychotic? \r John Matson  	\r Article 2.	The Financial Times \r Why Libya sceptics were proved badly wrong\r Anne-Marie Slau"
c0000	1.0	text	.txt	textlike	baa3eb3f1c6ca3c5c5f1f713	baa3eb3f1c6ca3c5c5f1f7131d0ed41f54fd8fa2f4d14cdab385d12c62f63162	TEXT-20251116T222102Z-1-001	TEXT-20251116T222102Z-1-001/TEXT/001/HOUSE_OVERSIGHT_029628.txt	55735	55559	527	0.0134631652837524	0.0420273943015533	0	10	0	11	"﻿                     4 June, 2011\r\r Article 1.	NYT\r President Assad’s Bloody Hands\r Editorial	\r Article 2.	The Washington Post\r Egypt’s revolutionary justice\r Editorial	\r Article 3.	Al-Ahram Weekly\r Egypt: In search of a foreign p"
c0000	1.0	text	.txt	textlike	0ada3b5e878b19958d830e30	0ada3b5e878b19958d830e308595cac6b825eba50790f128fc90749243f03b5d	TEXT-20251116T222102Z-1-001	TEXT-20251116T222102Z-1-001/TEXT/002/HOUSE_OVERSIGHT_031876.txt	63642	62908	733	0.0119221720607871	0.0356234501176321	0	15	1	0	"﻿                     14 June, 2011\r\r Article 1.	The Washington Post\r From a Saudi prince, tough talk on America’s favoritism toward Israel\r Richard Cohen	\r Article 2.	Boston Globe\r Turkey’s new challenges\r Stephen Kinzer 	\r Article"
c0000	1.0	text	.txt	textlike	0302d18bf974c645d47e23e6	0302d18bf974c645d47e23e6630665d38382533ed6b5e365c61e1183daa45a62	TEXT-20251116T222102Z-1-001	TEXT-20251116T222102Z-1-001/TEXT/002/HOUSE_OVERSIGHT_031913.txt	50423	50085	563	0.0149545772187281	0.0404911650194669	0	12	0	2	"﻿                     24 August, 2011\r\r Article 1.	The Daily Beast\r Obama’s True Claim to Fame\r Michael Tomasky 	\r Article 2.	Stratfor\r Israeli-Arab Crisis Approaching\r George Friedman	\r Article 3.	The Financial Times \r Why Assad n"
c0000	1.0	text	.txt	textlike	796c6ef4b6ff0741944d7e17	796c6ef4b6ff0741944d7e17d78ebcda58c6902810c89e26450cdf22058a8274	TEXT-20251116T222102Z-1-001	TEXT-20251116T222102Z-1-001/TEXT/002/HOUSE_OVERSIGHT_032171.txt	58921	58602	357	0.0035834954438415	0.0253233678031466	0	1	0	4	"﻿                     26 June, 2011\r\r Article 1.	NYT\r Building Boom in Gaza’s Ruins Belies Misery That Remains\r Ethan Bronner	\r Article 2.	Herald Tribune\r Buying Into Palestinian Statehood\r Yossi Alpher, Colette Avital, Shlomo Gazit,"
c0000	1.0	text	.txt	textlike	c9a14c6b1ee0720051f89561	c9a14c6b1ee0720051f89561fe2422fffd17a20a600c961e254875a7213c3b0b	TEXT-20251116T222102Z-1-001	TEXT-20251116T222102Z-1-001/TEXT/001/HOUSE_OVERSIGHT_023517.txt	43594	43247	381	0.0067750364187111	0.0351238236178232	0	1	0	0	"﻿                     26 May, 2011\r\r Article 1.	The Washington Post \r Where Netanyahu fails himself and Israel\r Fareed Zakaria	\r Article 2.	NYT\r Parties See Obama’s Israel Policy as Wedge for 2012\r Jackie Calmes and Helene Cooper	\r "
c0000	1.0	text	.txt	textlike	270fe2b3332b7542771995f4	270fe2b3332b7542771995f4ca6c3af4fd7d549de554f1a2341298358078056c	TEXT-20251116T222102Z-1-001	TEXT-20251116T222102Z-1-001/TEXT/001/HOUSE_OVERSIGHT_024997.txt	48560	48250	518	0.005720207253886	0.0359792746113989	0	0	0	0	"﻿                     8 September, 2011\r\r Article 1.	Today’s Zaman\r The UN report and Turkish foreign policy \r Cenap Çakmak 	\r Article 2.	The National Interest \r The Turkish-Israeli Cold War\r Henri J. Barkey	\r Article 3.	Los Angeles"
c0001	1.0	text	.txt	textlike	df0bc685c0a4339a47c9dae8	df0bc685c0a4339a47c9dae8fc0b16cba79f3a83f4d19fe7b00b877db4dc5d94	TEXT-20251116T222102Z-1-001	TEXT-20251116T222102Z-1-001/TEXT/001/HOUSE_OVERSIGHT_030863.txt	1555	1551	86	0.0754352030947775	0.0863958736299161	1	4	1	0	From: \r Sent: \r To: \r Subject: \r Attachments: \r Daniel Sabba \r 7/21/2015 1:31:09 PM \r jeffrey E. [jeeyacation@gmail.com] \r on trump [C] \r image001.jpg \r Importance: High \r Classification: Confidential \r http://fivethirtyeight.co
c0001	1.0	text	.txt	textlike	65eb99e9ef5bd9de540279b1	65eb99e9ef5bd9de540279b1b7c4be435d94c277b358bbf0ffa33a219d644738	TEXT-20251116T222102Z-1-001	TEXT-20251116T222102Z-1-001/TEXT/001/HOUSE_OVERSIGHT_012707.txt	5220	5214	182	0.0327963176064441	0.3053317990026851	0	6	3	0	I WEST PALM BEACH OFFICE: \r 2139 PALM BEACH LAKES BLVD. \r WEST PALM BEACH, FLORIDA 33409 \r RO. BOX 3626 \r WEST PALM BEACH, FLORIDA 33402 \r (561) 686-6300 \r 1-800-780-8607 \r 1-800-220-7006 Spanish \r ATTORNEYS AT LAW: \r ROSALYN SIA B
c0001	1.0	text	.txt	textlike	d52a286d6c425bfa4831231b	d52a286d6c425bfa4831231bb8fcf2b8459e5084ecb222347d34679ee4c19f0d	TEXT-20251116T222102Z-1-001	TEXT-20251116T222102Z-1-001/TEXT/001/HOUSE_OVERSIGHT_031340.txt	1999	1997	51	0.029043565348022	0.1221832749123685	1	1	1	0	From: paul krassner \r Sent: 8/1/2018 11:59:13 PM \r To: jeffrey E. [jeeyacation@gmail.com] \r Subject: Jones is crazier than Trumpo the Elephant \r Attachments: facebook_2.png; twitter.png; rss.png; logo.png; screen_shot_2018-07-24_at_10.5
c0001	1.0	text	.txt	textlike	9a86cc747ed2a0270e7c08d5	9a86cc747ed2a0270e7c08d5e3e7b76f3e07451b59b6438019513b98f7602095	TEXT-20251116T222102Z-1-001	TEXT-20251116T222102Z-1-001/TEXT/001/HOUSE_OVERSIGHT_025295.txt	959	959	35	0.0552659019812304	0.0969760166840458	1	2	1	0	From: \r Sent: \r To: \r Subject: \r Attachments: \r Thomas Jr., Landon \r 11/14/2016 5:32:04 PM \r Jeffrey Epstein [jeeyacation@gmail.com] \r Fwd: Game On paper from Dr. Laffer \r 2016.05.19 Game On - updated 2016.07.06.pdf \r Importance: 
c0001	1.0	text	.txt	textlike	c47d2ecb2d588315afe87b59	c47d2ecb2d588315afe87b590e8e8fd498666c4abdedada2c8126a3c327aacb4	TEXT-20251116T222102Z-1-001	TEXT-20251116T222102Z-1-001/TEXT/001/HOUSE_OVERSIGHT_026517.txt	1787	1787	63	0.0346950195858981	0.2993844432008953	2	0	1	0	From: \r Sent: \r To: \r CC: \r Subject: \r Terry Kafka [_________________________________ \r 8/19/2013 8:34:18 PM \r Mark L. Epstein [iM1=1; Jeffery Edwards [jeeyacation@gmail.com]; 'Warren Eisenstein' \r Mark Albert_____________________ \
c0001	1.0	text	.txt	textlike	1479b85b219e177a25c353b1	1479b85b219e177a25c353b11211b7d443ca3582c2d3a4b1238a929916c3dba6	TEXT-20251116T222102Z-1-001	TEXT-20251116T222102Z-1-001/TEXT/001/HOUSE_OVERSIGHT_029889.txt	5118	5106	164	0.0536623580101841	0.1562867215041128	1	1	1	0	From: Jessica Cadwell \r Sent: 8/11/2009 7:16:00 PM \r To: Robert D. Critton Jr. [ \r Deeyacation@gmail.com] \r CC: Connie Zaguirre \r Subject: FW: Jane Doe \r ; Jack Goldberger ; Jeffrey Epstein \r frJaca &dazeEE e9), Yccia' \r Certified P
c0001	1.0	text	.txt	textlike	2e3bc80a8dc57d31207ee182	2e3bc80a8dc57d31207ee182c49949e1a3d507070821768bb5476a8e6fe90f89	TEXT-20251116T222102Z-1-001	TEXT-20251116T222102Z-1-001/TEXT/001/HOUSE_OVERSIGHT_030997.txt	1733	1732	44	0.0548498845265588	0.0658198614318706	1	0	2	0	From: \r Sent: \r To: \r Subject: \r Attachments: \r call back \r Jeffrey Epstein [jeeyacation@gmail.com] \r 5/29/2009 3:04:08 PM \r Re: Fw: (no subject) \r C2936214.jpg \r On Fri, May 29, 2009 at 10:02 AM, < \r > wrote: \r Discover the var
c0001	1.0	text	.txt	textlike	8cd8bc0f407090ec3747d685	8cd8bc0f407090ec3747d685361edd83551de7bcb911085e676804ed119c48d3	TEXT-20251116T222102Z-1-001	TEXT-20251116T222102Z-1-001/TEXT/001/HOUSE_OVERSIGHT_029402.txt	4110	4107	88	0.0336011687363038	0.1246652057462868	6	2	1	1	From: Deepak Chopra \r Sent: 3/22/2017 7:29:01 PM \r To: Jeff Epstein [jeeyacation@gmail.com] \r CC: Barnaby Marsh________________________________ \r Subject: Fw: HMS-Today's News (March 22, 2017) \r Attachments: image001.png; OutlookEmoji-
c0001	1.0	text	.txt	textlike	c1d22faf015b827d6a9fc075	c1d22faf015b827d6a9fc075d1a851a5db23c75288c10869d401538b2b5ccc9d	TEXT-20251116T222102Z-1-001	TEXT-20251116T222102Z-1-001/TEXT/001/HOUSE_OVERSIGHT_029977.txt	1050	1050	36	0.0504761904761904	0.1	1	0	1	0	From: \r Sent 9/28/2012 2:41:02 PM \r To: Lesley Groff \r 11111111 \r Richard Barnnet ; Louella Rabuyo l; Januiz \r Banasiak ; Rich Kahn \r Derby Je vacation [jeevacation@gmail.com] \r Subject: Re: 3:00 Wheels up!! \r Importance: High \r ];
c0001	1.0	text	.txt	textlike	14a9f1f01b253671712dbd23	14a9f1f01b253671712dbd23cfa599f21333c51a1e66389adfc666c2a760034f	TEXT-20251116T222102Z-1-001	TEXT-20251116T222102Z-1-001/TEXT/001/HOUSE_OVERSIGHT_016698.txt	234061	234059	8741	0.0025506389414634	0.537894291610235	0	0	0	0	﻿mailing\r Owner last Name Owner First Name Parcel Address Suite Mailing Address Suite City State Zip \r EXTOR E & MARY J        \r EXTOR MARY J        \r WETENHALL ROBERT C &        \r MYERS STEPHEN E        \r KREHBIEL F A II & KATHLEEN K
c0001	1.0	text	.txt	textlike	a66d345b5c483feff955ed9d	a66d345b5c483feff955ed9d057f27eb495aa8bda5c45b77bd0257277b8953b2	TEXT-20251116T222102Z-1-001	TEXT-20251116T222102Z-1-001/TEXT/001/HOUSE_OVERSIGHT_030992.txt	1385	1385	46	0.0707581227436823	0.0924187725631768	2	0	1	0	"From: \r Sent: \r To: \r Subject: \r Jeffrey Epstein [jeevacation@gmail.com] \r 4/14/2009 7:02:11 PM \r Fwd: FW: As Obama says ""We've got problems"" \r ----------Forwarded message---------- \r From: gmax <gmaxlgellmax.com> \r Date: Sun, Apr "
c0001	1.0	text	.txt	textlike	b1b97961bbca5f97ac8c4e04	b1b97961bbca5f97ac8c4e04518f567e43d72010e8819f7e4126ca629caf602a	TEXT-20251116T222102Z-1-001	TEXT-20251116T222102Z-1-001/TEXT/002/HOUSE_OVERSIGHT_032518.txt	953	953	32	0.0587618048268625	0.0703043022035676	1	1	1	0	From: \r Sent: \r To: \r Subject: \r Attachments: \r Thomas Jr., Landon \r 3/9/2017 3:29:54 PM \r Jeffrey Epstein [jeeyacation@gmail.com] \r Small biz and Trump \r image.png \r Importance: High \r Ifs getting better \r An index of small-bus
c0002	1.0	text	.txt	textlike	05cdfbe63af642937d05f817	05cdfbe63af642937d05f8175ff79855a2cf91385ca88b69577f6b49d1b58275	TEXT-20251116T222102Z-1-001	TEXT-20251116T222102Z-1-001/TEXT/001/HOUSE_OVERSIGHT_025403.txt	4983	4983	179	0.2398153722657034	0.1597431266305438	11	31	27	0	Source Entry: H\Macintosh HD\root\Users\jee\Library\Messages\Archive\2019-02-03\ \r on 2018-12-03 at 08.29.43.ichat \r Service: iMessage \r Start Time: 11/29/18 08:43:11 AM (565202591) \r End Time: 02/03/19 08:20:29 AM (570903629) \r Last M
c0002	1.0	text	.txt	textlike	86d080aa219dafa048ff11e6	86d080aa219dafa048ff11e62f2fc3503d8f0d9cb414d1ca2f4e1e52d829b466	TEXT-20251116T222102Z-1-001	TEXT-20251116T222102Z-1-001/TEXT/001/HOUSE_OVERSIGHT_027148.txt	19987	19987	633	0.2081352879371591	0.1360384249762345	22	111	85	0	Source Entry: H\Macintosh HD\root\Users\jee\Library\Messages\Archive\2017-02-18\III \r on 2017-02-17 at 13.43.34.ichat \r Service: iMessage \r Start Time: 02/17/17 10:43:34 AM (509049814) \r End Time: 02/18/17 02:54:40 PM (509151280) \r Las
c0002	1.0	text	.txt	textlike	fc97af0c24670e95a29d9e70	fc97af0c24670e95a29d9e702e85189ce6da1cbc71236194886070febd936fbb	TEXT-20251116T222102Z-1-001	TEXT-20251116T222102Z-1-001/TEXT/001/HOUSE_OVERSIGHT_027225.txt	7133	7133	239	0.2205243235665218	0.1533716528809757	18	41	35	0	Source Entry: H\Macintosh HD\root\Users\jee\Library\Messages\Archive\2017-04-09\1111 \r on 2017-04-09 at 03.50.22.ichat \r Service: iMessage \r Start Time: 04/09/17 12:50:22 AM (513417022) \r End Time: 04/09/17 08:12:43 AM (513443563) \r La
c0002	1.0	text	.txt	textlike	3d4149fa685c429f0aa6c716	3d4149fa685c429f0aa6c7169cc9bbd664699ec0c326c369880db76d28959bd1	TEXT-20251116T222102Z-1-001	TEXT-20251116T222102Z-1-001/TEXT/001/HOUSE_OVERSIGHT_027232.txt	17215	17215	534	0.2045890212024397	0.1401103688643624	16	83	73	0	Source Entry: H\Macintosh 17-04-20\LI \r 2017-04-20 at 09.16.46.ichat \r Service: iMessage \r Start Time: 04/20/17 06:16:46 AM (514387006) \r End Time: 04/20/17 05:56:20 PM (514428980) \r Last Message ID: 4189 \r Chat Room: \r Participants:
c0002	1.0	text	.txt	textlike	5ce9d40048b54a4a2fda71e5	5ce9d40048b54a4a2fda71e50772f038d3b2acaaa19b6dd720b518f0495c823b	TEXT-20251116T222102Z-1-001	TEXT-20251116T222102Z-1-001/TEXT/001/HOUSE_OVERSIGHT_027568.txt	8369	8367	279	0.2225409346241185	0.1443767180590414	24	50	40	0	Source Entry: H\Macintosh HD\root\Users\jee\Library\Messages\Archive\2019-02-02\111 \r on 2019-02-02 at 18.25.27.ichat \r Service: iMessage \r Start Time: 02/01/19 09:36:19 PM (570778579) \r End Time: 02/02/19 03:25:27 PM (570842727) \r Las
c0002	1.0	text	.txt	textlike	825b8efec7e5ba9b2589d968	825b8efec7e5ba9b2589d9687eb4019b0f1e43bed1f9cde6a20ad53eafa3bfde	TEXT-20251116T222102Z-1-001	TEXT-20251116T222102Z-1-001/TEXT/001/HOUSE_OVERSIGHT_027260.txt	17183	17183	556	0.2180643659430833	0.1410114648198801	45	100	77	0	Source Entr: H\Macintosh HD\root\Users\jee\Library\Messages\Archive\2018-04-0911M \r on 2018-04-03 at 13.52.31.ichat \r Service: iMessage \r Start Time: 04/03/18 10:52:31 AM (544470751) \r End Time: 04/09/18 04:15:37 PM (545008537) \r Last 
c0002	1.0	text	.txt	textlike	36f2d75ba2fa065952dc38b4	36f2d75ba2fa065952dc38b4bb07999105220b0837d98412d7918c9b0b0a21af	TEXT-20251116T222102Z-1-001	TEXT-20251116T222102Z-1-001/TEXT/001/HOUSE_OVERSIGHT_027396.txt	4583	4583	163	0.241981234998909	0.1581933231507746	10	31	24	0	Source Entry: H\Macintosh HD\ root\Users \ j ee\Library\Messages \Archive\2 0 1 8 - 0 8 -2 0 \M \r on 2018-08-20 at 17.35.02.ichat \r Service: iMessage \r Start Time: 08/20/18 02:35:02 PM (556493702) \r End Time: 08/20/18 04:21:47 PM (55650
c0002	1.0	text	.txt	textlike	5166ffd942b6b24b1b13e040	5166ffd942b6b24b1b13e040dc27ab0a5562cc7bdead5c688ae61d0615795301	TEXT-20251116T222102Z-1-001	TEXT-20251116T222102Z-1-001/TEXT/001/HOUSE_OVERSIGHT_027428.txt	7176	7176	225	0.1996934225195094	0.1372630992196209	19	35	31	0	Source Entr: H\Macintosh HD\root\Users\jee\Library\Messages\Archive\2018-09-281111 \r on 2018-09-28 at 13.40.45.ichat \r Service: iMessage \r Start Time: 09/26/18 11:51:48 AM (559680708) \r End Time: 09/28/18 12:56:23 PM (559857383) \r Last
c0002	1.0	text	.txt	textlike	bfe70163763b4a878781224b	bfe70163763b4a878781224b9fc4d07809251442b8428597d2e5f7e8489b7a37	TEXT-20251116T222102Z-1-001	TEXT-20251116T222102Z-1-001/TEXT/001/HOUSE_OVERSIGHT_027440.txt	6059	6059	191	0.2135665951477141	0.133685426638059	18	36	29	1	Source Entry: H\Macintosh HD\root\Users\jee\Library\Messages\Archive\2018-10-02\II \r on 2018-10-02 at 10.17.28.ichat \r Service: iMessage \r Start Time: 10/02/18 07:17:28 AM (560182648) \r End Time: 10/02/18 04:37:14 PM (560216234) \r Last
c0002	1.0	text	.txt	textlike	68328dffff0f9f118e8f9026	68328dffff0f9f118e8f902663035710d40b619ef8f0f7e871df569e7f85939e	TEXT-20251116T222102Z-1-001	TEXT-20251116T222102Z-1-001/TEXT/001/HOUSE_OVERSIGHT_027445.txt	7735	7735	261	0.2279250161603102	0.1494505494505494	22	49	37	0	Source Entry: H\Macintosh HD\root\Users\jee\Library\Messages\Archive\2018-10-091111 \r on 2018-10-09 at 02.07.32.ichat \r Service: iMessage \r Start Time: 10/08/18 11:07:32 PM (560758052) \r End Time: 10/09/18 05:19:35 PM (560823575) \r Las
c0002	1.0	text	.txt	textlike	7744445bff79271b526b381f	7744445bff79271b526b381f9463b124dabc90b649716e0221e788d511a67cd0	TEXT-20251116T222102Z-1-001	TEXT-20251116T222102Z-1-001/TEXT/001/HOUSE_OVERSIGHT_027515.txt	23928	23928	790	0.2197843530591775	0.1425944500167168	47	138	108	0	Source Entry: H\Macintosh HD\root\Users\jee\Library\Messages\Archive\2018-11-29\ \r on 2018-11-26 at 13.08.48.ichat \r Service: iMessage \r Start Time: 11/12/18 03:45:44 AM (563715944) \r End Time: 11/29/18 04:24:47 PM (565230287) \r Last M
c0002	1.0	text	.txt	textlike	6526180282174bda8eeee6b0	6526180282174bda8eeee6b091bfb5ff6b29c88dd3a7056b02d3b4aa6ad16cb5	TEXT-20251116T222102Z-1-001	TEXT-20251116T222102Z-1-001/TEXT/001/HOUSE_OVERSIGHT_027764.txt	10937	10937	367	0.227667550516595	0.1466581329432202	25	70	51	1	Source Entr: H\Macintosh HD\root\Users\jee\Library\Messages\Archive\2019-06-131111 \r on 2019-06-13 at 08.49.53.ichat \r Service: iMessage \r Start Time: 06/11/19 08:59:38 PM (582004778) \r End Time: 06/13/19 04:42:38 PM (582162158) \r Last
c0003	1.0	text	.txt	textlike	944dc96753d3819eefd1ec92	944dc96753d3819eefd1ec923bfcf564ae73f934bce5009cc647b50b55946e10	TEXT-20251116T222102Z-1-001	TEXT-20251116T222102Z-1-001/TEXT/001/HOUSE_OVERSIGHT_022986.txt	2307	2091	333	0.0076518412242945	0.1233859397417503	0	1	0	0	﻿\r \r \r \r \r JOBS\r \r AUTOS\r \r HOMES\r \r CLASSIFIEDS\r \r HELP\r \r 86 1\r \r 2\r \r open search\r \r \r \r \r \r \r • NEWS\r \r \r \r • All News\r \r • Breaking News\r \r • Busin﻿ess\r \r • Crime\r \r • Booking Blotter\r \r • School
c0003	1.0	text	.txt	textlike	f6513e1b1ea0df032c503649	f6513e1b1ea0df032c50364921a2928d8c1772a3589d0c12e04ff04b969a9f31	TEXT-20251116T222102Z-1-001	TEXT-20251116T222102Z-1-001/TEXT/001/HOUSE_OVERSIGHT_022780.txt	5448	5295	426	0.0538243626062322	0.0891406987724268	0	4	0	0	i \r i \r i \r Non-Responsive - Redacted \r i i \r i i \r i i \r i i \r i i \r i \r i \r i \r i \r Non-Responsive - Redacted \r i i \r i i \r i i \r i i \r i i \r i \r i \r i \r i \r Non-Responsive - Redacted \r i i \r i i \r i i \r i i \r 
c0003	1.0	text	.txt	textlike	f1a0123e03e1d1bc2cfd4b81	f1a0123e03e1d1bc2cfd4b810f171c6ba2fa6a49fe2ee1ec85bd09550c63426a	TEXT-20251116T222102Z-1-001	TEXT-20251116T222102Z-1-001/TEXT/001/HOUSE_OVERSIGHT_029865.txt	2321	2315	111	0.0116630669546436	0.1066954643628509	0	0	0	0	﻿01.00 t.h.rici NA ritil A MU. 14.1.31 own WBeIC \r ELECTION Z016 \r Trump \r rosing \r round \r 1 'burbs \r te for his style, \r vith changing \r raphics, could \r Pennsylvania \r Yr key states. \r rEN Discazie \r LE, Pa. —Marie \r very fi
c0003	1.0	text	.txt	textlike	31f7b6f04c5b252fd9418e02	31f7b6f04c5b252fd9418e02f50d908f72e7f1957fd1f07c2d8eda0d9da0d50b	TEXT-20251116T222102Z-1-001	TEXT-20251116T222102Z-1-001/TEXT/001/HOUSE_OVERSIGHT_022673.txt	22282	22026	369	0.0242440751838736	0.0534822482520657	1	6	1	0	From: \r Sent: \r To: \r Subject: \r Attachments: \r Kathy Ruemmler \r 1/30/2015 5:26:02 PM \r jeffrey E. [jeeyacation@gmail.com] \r Fwd: \r image006.png; image007.png; image005.jpg; image010.jpg; image001.jpg; image003.jpg; image008.png; \
c0003	1.0	text	.txt	textlike	6fa668e5befd3f3d4911449b	6fa668e5befd3f3d4911449b30ee3fc40e7524564f121f21442fec13383f61d3	TEXT-20251116T222102Z-1-001	TEXT-20251116T222102Z-1-001/TEXT/001/HOUSE_OVERSIGHT_029315.txt	23846	23790	390	0.0122320302648171	0.0704918032786885	0	3	0	0	• \r 2139 PALM BEACH LAKES BLVD. \r WEST PALM BEACH, FLORIDA 33409 \r P.O. BOX 3626 \r WEST PALM BEACH, FLORIDA 33402 \r Mpanish \r ATTORNEYS AT LAW: \r ROSALYN SIA BAKER-BARNES \r 'F. GREGORY BARNHART \r T HARDEE BASS, III \r LAURIE J. BRI
c0003	1.0	text	.txt	textlike	b589117bc43ecc5fe602a9a5	b589117bc43ecc5fe602a9a560a491193a962e46ba0a7771f5426bbb2b4c3aac	TEXT-20251116T222102Z-1-001	TEXT-20251116T222102Z-1-001/TEXT/001/HOUSE_OVERSIGHT_030238.txt	4771	4765	161	0.0306400839454354	0.0589716684155299	0	0	1	0	From: Faith Kates \r Sent: 8/14/2012 1:05:43 PM \r To: Faith Kates [ \r Subject: Fwd: Public work vs private AMAZING \r > This is crazy please read it and pass it on!!! \r > • Sent from my iPhone \r > • Begin forwarded message: \r > From: J
c0003	1.0	text	.txt	textlike	ac310fca70bdfe4c86b34823	ac310fca70bdfe4c86b34823ed79ce47741a43f2d3b71cfa4df758e9f989a912	TEXT-20251116T222102Z-1-001	TEXT-20251116T222102Z-1-001/TEXT/001/HOUSE_OVERSIGHT_018872.txt	493561	492858	11291	0.0294486444371401	0.0679993020301993	3	271	445	122	FEDERAL BUREAU OF INVESTIGATION \r FOI/PA \r DELETED PAGE INFORMATION SHEET \r FOI/PA# 1203982-1 \r Total Deleted Page(s) = 152 \r Page 43 - b6; b7C; \r Page 44 - b6; b7C; \r Page 45 - b6; b7C; \r Page 46 b6; b7C; \r Page 47 b6; b7C; \r Pag
c0003	1.0	text	.txt	textlike	d170a3337d8804f6b5c21f52	d170a3337d8804f6b5c21f52bc1d752fadd5022b613119c3e699c852ff6c08c1	TEXT-20251116T222102Z-1-001	TEXT-20251116T222102Z-1-001/TEXT/001/HOUSE_OVERSIGHT_019297.txt	7482	7464	135	0.0164790996784565	0.1011521972132904	0	0	0	0	RICHARD D. EMERY \r ANDREW G. CELLI, JR. \r MATTHEW D. BRINCKERHOFF \r JONATHAN S. ABADY \r EARL S. WARD \r ILANN M. MAAZEL \r HAL R. LIEBERMAN \r DANIEL J. KORNSTEIN \r a ANDREW F. WILSON \r ELIZABETH S. SAYLOR \r KATHERINE RosENFELD \r DE
c0003	1.0	text	.txt	textlike	749a6219cf064d5f1015e1e7	749a6219cf064d5f1015e1e7cbe0739da8839817eca6b0f17aca0ad824073009	TEXT-20251116T222102Z-1-001	TEXT-20251116T222102Z-1-001/TEXT/001/HOUSE_OVERSIGHT_021434.txt	167195	166751	5676	0.0513999916042482	0.0823503307326492	7	151	237	46	﻿FEDERAL BUREAU OF INVESTIGATION \r FOI/PA \r DELETED PAGE INFORMATION SHEET \r FOI/PA# 1203982-1 \r Total Deleted Page(s) = 156 \r Page 30 b6; b7C; \r Page 31 - b6; b7C; \r Page 32 - b6; b7C; \r Page 33 - b6; b7C; \r Page 34 - b6; b7C; \r 
c0003	1.0	text	.txt	textlike	ff05e25f025aaa8a2fad2490	ff05e25f025aaa8a2fad249027b9063bbd31e7bb084fdd5cf83df2f8fca573c1	TEXT-20251116T222102Z-1-001	TEXT-20251116T222102Z-1-001/TEXT/002/HOUSE_OVERSIGHT_032513.txt	4230	4016	138	0.0400896414342629	0.0896414342629482	7	1	1	0	From: Deepak Chopra \r Sent: 3/6/2017 5:54:42 AM \r To: jeffrey E. [jeeyacation@gmail.com] \r Subject: Re: Meeting \r Attachments: image001.png; image001.png; OutlookEmoji-1483997936424_email-signature-plain.jpg.jpg \r Importance: High \r C
c0003	1.0	text	.txt	textlike	3f0e4817669d80123d4ac7e5	3f0e4817669d80123d4ac7e51db78d6b00bff36a44aa712f98b6cd8f179fabf8	TEXT-20251116T222102Z-1-001	TEXT-20251116T222102Z-1-001/TEXT/001/HOUSE_OVERSIGHT_010560.txt	13325	13325	210	0.0111069418386491	0.0619887429643527	0	2	0	0	"-79)Ao \r ALLRED, MAROKO & GOLDBERG \r NATHAN GOLDBERG* \r MICHAEL MAROKO"" \r GLORIA R. ALLRED*t \r JOHN S. WEST \r DOLORES Y. LEAL \r RENEE MOCHKATEL \r MARGERY N. SOMERS \r MARCUS SPIEGEL \r CHRISTINA CHEUNGt \r BYRON LAU \r KIRBY F. CANO"
c0003	1.0	text	.txt	textlike	feea1b2760045558c5e2d1a1	feea1b2760045558c5e2d1a152c8abc6c84b07a342b3dc8734cbc9e5a6b3065a	TEXT-20251116T222102Z-1-001	TEXT-20251116T222102Z-1-001/TEXT/001/HOUSE_OVERSIGHT_021569.txt	375877	374008	12207	0.0355794528459284	0.1412804004192423	2	229	314	110	﻿FEDERAL BUREAU OF INVESTIGATION \r FOI/PA \r DELETED PAGE INFORMATION SHEET \r FOI/PA# 1203982-1 \r Total Deleted Page(s) 44 \r Page 75 b6; b7C; \r Page 76 - b6; b7C; \r Page 77 - b6; b7C; \r Page 78 - b6; b7C; \r Page 79 - b6; b7C; \r Pag
c0004	1.0	text	.txt	textlike	4a29e6e1130196e9d6f08c8c	4a29e6e1130196e9d6f08c8c3face9eced2682e4b3963bba4a5fa06aab505cfd	TEXT-20251116T222102Z-1-001	TEXT-20251116T222102Z-1-001/TEXT/001/HOUSE_OVERSIGHT_028752.txt	9642	9626	246	0.0486183253687928	0.0711614377726989	5	3	1	0	From: BARBRO EHNBOM \r Sent: 8/20/2012 1:23:57 PM \r To: jeevacation@gmail.com \r Subject: \r ----------MB_SCF4CEE30021577_1404_1A68F7_webmail-d082.sysops.aol.com \r Content-Transfer-Encoding: QUOTED-PRINTABLE \r Content-Type: TEXT/PLAIN; \
c0004	1.0	text	.txt	textlike	248a4a3946fca1604026b144	248a4a3946fca1604026b144c95e854eff8836d3df297cfbb97d9b332a82c1b1	TEXT-20251116T222102Z-1-001	TEXT-20251116T222102Z-1-001/TEXT/001/HOUSE_OVERSIGHT_028933.txt	4489	4479	85	0.0267916945746818	0.0522438044206296	4	3	1	0	From: \r Sent: \r To: \r CC: \r Subject: \r Attachments: \r Lawrence Krauss \r 9/10/2015 8:08:32 PM \r Noam Chomsky \r jeffrey E. [jeeyacation@gmail.com]; \r Re: an article you may both hate. or like. \r DA866543-7401-4A5A-8E50-FD32E33A5OEC
c0004	1.0	text	.txt	textlike	8b0c7eccd8c7277bfc5801d7	8b0c7eccd8c7277bfc5801d778b2836c9f7a9e109725a44e5d495830635f3980	TEXT-20251116T222102Z-1-001	TEXT-20251116T222102Z-1-001/TEXT/001/HOUSE_OVERSIGHT_011904.txt	3533	3533	137	0.0226436456269459	0.0996320407585621	3	2	1	0	From: Lawrence Krauss \r Sent: 4/5/2018 10:16:55 PM \r To: jeffrey E. [jeeyacation@gmail.com] \r Subject: Re: \r Importance: High \r Let's do a men of the world conference. \r Kevin spacey \r Bill Clinton \r Al franken \r Woody Allen \r Law
c0004	1.0	text	.txt	textlike	ea83893b547bff0d9f0c4a59	ea83893b547bff0d9f0c4a597464eb6f3b37fdff4c4b84fcd18a555d509dd045	TEXT-20251116T222102Z-1-001	TEXT-20251116T222102Z-1-001/TEXT/001/HOUSE_OVERSIGHT_031221.txt	9620	9602	241	0.0484274109560508	0.0734222037075609	5	4	1	0	From: BARBRO EHNBOM \r Sent: 8/21/2012 9:12:11 AM \r To: jeevacation@gmail.com \r Subject: Re: Program & Attendee list \r ----------MB_SCF4D942E5EAFC0_1404_1CC5DD_webmail-d082.sysops.aol.com \r Content-Transfer-Encoding: QUOTED-PRINTABLE \r
c0004	1.0	text	.txt	textlike	d2766acbb201c7d41137e2f6	d2766acbb201c7d41137e2f6c35eff647b7a1c5baffcb98fe059c249d83fd431	TEXT-20251116T222102Z-1-001	TEXT-20251116T222102Z-1-001/TEXT/001/HOUSE_OVERSIGHT_022203.txt	4935	4931	128	0.0267694179679578	0.0559724193875481	3	3	1	0	From: Al seckel [ \r Sent: 12/11/2010 9:01:17 PM \r To: Jeffrey Epstein [jeeyacation@gmail.com] \r Subject: Screen shot \r Importance: High \r This is a screen shot of a google search on your name taken about one minute ago, and this is \r 
c0004	1.0	text	.txt	textlike	f186c4b0d9a2fbf7abcc81c0	f186c4b0d9a2fbf7abcc81c096fb08c575bc2fd2fd51693ced0ea24e76d55262	TEXT-20251116T222102Z-1-001	TEXT-20251116T222102Z-1-001/TEXT/001/HOUSE_OVERSIGHT_031556.txt	4129	4122	95	0.0378457059679767	0.0633187772925764	4	3	1	0	From: \r Sent: \r To: \r Subject: \r Attachments: \r Lawrence Krauss \r 2/27/2018 12:09:48 AM \r jeffrey E. [jeevacation@gmail.com] \r Re: sorry \r image002.png \r Importance: High \r They claimed they had 1500 hits for their announcement a
c0004	1.0	text	.txt	textlike	c1357be372e514a976e46095	c1357be372e514a976e460955bb1a54b761d7ef13b0c479bf1082f98e7131020	TEXT-20251116T222102Z-1-001	TEXT-20251116T222102Z-1-001/TEXT/002/HOUSE_OVERSIGHT_032716.txt	4615	4609	109	0.0381861575178997	0.0566283358646127	7	5	1	0	From: \r Sent: \r To: \r Subject: \r Attachments: \r Lawrence Krauss \r 1/15/2018 3:01:19 AM \r jeffrey E. [jeeyacation@gmail.com] \r Re: no chile \r image002.png \r Importance: High \r Not sure I understood that, but thanks Jeffrey for eve
c0004	1.0	text	.txt	textlike	1a27110bd02aa0f7cf09d971	1a27110bd02aa0f7cf09d9719c15e7ca39c653fc8e93fbe61d98066e81b894ba	TEXT-20251116T222102Z-1-001	TEXT-20251116T222102Z-1-001/TEXT/001/HOUSE_OVERSIGHT_025636.txt	5952	5942	109	0.027600134634803	0.0545270952541231	6	5	1	0	From: \r Sent: \r To: \r Subject: \r Attachments: \r Lawrence Krauss \r 9/18/2015 6:26:27 PM \r jeffrey E. [jeeyacation@gmail.com] \r Re: an article you may both hate. or like. \r DA866543-7401-4A5A-8E50-FD32E33A5OEC.png \r Importance: High
c0004	1.0	text	.txt	textlike	c29770223ede86db02d713f9	c29770223ede86db02d713f9e973aca56a966044944d1e095e266589c1d26f57	TEXT-20251116T222102Z-1-001	TEXT-20251116T222102Z-1-001/TEXT/001/HOUSE_OVERSIGHT_028936.txt	4447	4437	78	0.0356096461573135	0.0631057020509353	2	5	1	0	From: Lawrence Krauss \r Sent: 9/10/2015 8:09:42 PM \r To: jeffrey E. [jeeyacation@gmail.com] \r Subject: Fwd: an article you may both hate. or like. \r Attachments: DA866543-7401-4A5A-8E50-FD32E33A5OEC.png; DA866543-7401-4A5A-8E50-FD32E33A
c0004	1.0	text	.txt	textlike	2c31268e421739422a8f4318	2c31268e421739422a8f431847466ced3a82cd062343f20ddf500f4075adcdc8	TEXT-20251116T222102Z-1-001	TEXT-20251116T222102Z-1-001/TEXT/001/HOUSE_OVERSIGHT_025651.txt	6712	6702	124	0.0262608176663682	0.0516263801850193	7	5	1	0	From: \r Sent: \r To: \r Subject: \r Attachments: \r jeffrey E. [jeeyacation@gmail.com] \r 9/18/2015 6:30:01 PM \r Lawrence Krauss \r Re: an article you may both hate. or like. \r DA866543-7401-4A5A-8E50-FD32E33A5OEC.png \r Importance: High
c0004	1.0	text	.txt	textlike	c14bc3c091fbfb60735c0f38	c14bc3c091fbfb60735c0f380ef51adec70e2f0e451d4275c51fad2433c864ca	TEXT-20251116T222102Z-1-001	TEXT-20251116T222102Z-1-001/TEXT/001/HOUSE_OVERSIGHT_028939.txt	4303	4293	72	0.0251572327044025	0.0491497787095271	5	3	1	0	From: Lawrence Krauss______________________________ \r Sent: 9/10/2015 8:10:36 PM \r To: jeffrey E. [jeeyacation@gmail.com] \r Subject: Re: an article you may both hate. or like. \r Attachments: DA866543-7401-4A5A-8E50-FD32E33A5OEC.png \r I
c0004	1.0	text	.txt	textlike	bc0e8d325a8fe1b56ce803f2	bc0e8d325a8fe1b56ce803f24873baf9f81de98a4d9f96185039d1c0060011bf	TEXT-20251116T222102Z-1-001	TEXT-20251116T222102Z-1-001/TEXT/001/HOUSE_OVERSIGHT_030899.txt	7601	7597	146	0.0254047650388311	0.0668685007239699	3	5	2	0	From: Lawrence Krauss \r Sent: 4/6/2011 10:18:31 PM \r To: Jeffrey Epstein [jeeyacation@gmail.com] \r Subject: Re: Statement in the Daily Beast? \r Importance: High \r Beyond anything else, you are my friend. I hope we can both always remem
c0005	1.0	text	.txt	textlike	f77617bd3f4ef0407dba9225	f77617bd3f4ef0407dba922553113406c9084c8f9ed3593c5875790d18305005	TEXT-20251116T222102Z-1-001	TEXT-20251116T222102Z-1-001/TEXT/001/HOUSE_OVERSIGHT_031418.txt	1303	1303	55	0.0414428242517267	0.0828856485034535	4	0	1	0	From: G Maxwell [gmax1@ellmax.com] \r Sent: 9/22/2015 2:40:08 AM \r To: jeffrey E. [jeeyacation@gmail.com] \r Subject: Re: <no subject> \r Privileged - Redacted \r 1HE I hRRAMAR PROJEC1  \r From: J Jep \r Date: Monday, September 21, 2015 at
c0005	1.0	text	.txt	textlike	8f1483fcba34445991b66d11	8f1483fcba34445991b66d119f006d71166c02dad0d102b26943c8704deee354	TEXT-20251116T222102Z-1-001	TEXT-20251116T222102Z-1-001/TEXT/001/HOUSE_OVERSIGHT_031420.txt	1255	1255	44	0.0414342629482071	0.0884462151394422	4	0	1	0	From: G Maxwell [gmax1@ellmax.com] \r Sent: 9/22/2015 2:17:30 AM \r To: jeffrey E. [jeeyacation@gmail.com] \r Subject: Re: <no subject> \r Privileged - Redacted \r THE TERRAMAR PROJECT \r From: J Jep \r Date: Monday, September 21, 2015 at 2
c0005	1.0	text	.txt	textlike	f2e3a20c6588a65e017524a1	f2e3a20c6588a65e017524a1eedaf93ea17cbfe2a7bc8b529a75efe510c53264	TEXT-20251116T222102Z-1-001	TEXT-20251116T222102Z-1-001/TEXT/001/HOUSE_OVERSIGHT_026569.txt	2683	2683	67	0.0272083488632128	0.0711889675736116	2	0	1	0	From: \r Sent: \r To: \r Subject: \r Attachments: \r Importance: \r BARBRO EHNBOM \r 8/20/2012 1:23:57 PM \r jeevacation@gmail.com \r Be_M1.jpg \r High \r How about this year's SALSS Project Manager \r Picture attached! \r Barbro C. Ehnbom 
c0005	1.0	text	.txt	textlike	880bba37c59d55e3d11cb7cc	880bba37c59d55e3d11cb7ccb95fc8c8dd8588a9c2e5eed6fbf9bbfac63a7548	TEXT-20251116T222102Z-1-001	TEXT-20251116T222102Z-1-001/TEXT/001/HOUSE_OVERSIGHT_031213.txt	2747	2747	67	0.0269384783400072	0.0695303967965052	2	0	1	0	From: \r Sent: \r To: \r Subject: \r Attachments: \r BARBRO EHNBOM \r 8/21/2012 9:12:11 AM \r jeevacation@gmail.com \r Re: Program & Attendee list \r 2.jpg \r Importance: High \r She is the one! Now SALSS 4 days.. will get back to you next 
c0005	1.0	text	.txt	textlike	65b45f6416834dc574609b3d	65b45f6416834dc574609b3db031e0e7e2c224e2edf4a34b8650ed4763c0bd62	TEXT-20251116T222102Z-1-001	TEXT-20251116T222102Z-1-001/TEXT/001/HOUSE_OVERSIGHT_030679.txt	5009	5005	112	0.0293706293706293	0.0695304695304695	5	1	1	0	From: \r Sent: \r To: \r Subject: \r Attachments: \r Steven Pfeiffer \r 11/21/2017 7:17:42 PM \r jeffrey E. [jeevacation@gmail.com] \r Re: 2017 IFP Gotham Awards. Chairs from Jeffrey Epstein OK. \r image001.png; image002.png; image003.png \
c0005	1.0	text	.txt	textlike	2bb73a5776561de112357f9f	2bb73a5776561de112357f9f66b281489cea1cf0f8797983f5053a402913bc11	TEXT-20251116T222102Z-1-001	TEXT-20251116T222102Z-1-001/TEXT/002/HOUSE_OVERSIGHT_033050.txt	1090	1090	35	0.0449541284403669	0.0706422018348623	2	0	1	0	From: \r Sent: \r To: \r Subject: \r Attachments: \r schwartman \r jeffrey E. [jeeyacation@gmail.com] \r 12/2/2017 5:13:28 PM \r Richard Kahn \r Re: \r IMG_4779.jpg \r On Sat, Dec 2, 2017 at 11:52 AM, Richard Kahn wrote: \r Trump in your ne
c0005	1.0	text	.txt	textlike	cf06a88a37666c957b2be7dc	cf06a88a37666c957b2be7dc5b5de2498bdc856ce069aae84ddcda1790bd81a4	TEXT-20251116T222102Z-1-001	TEXT-20251116T222102Z-1-001/TEXT/001/HOUSE_OVERSIGHT_026053.txt	2817	2817	73	0.0280440184593539	0.0465033723819666	4	0	4	0	From: Boris Nikolic \r Sent: 12/26/2016 1:19:46 AM \r To: jeffrey E. [jeeyacation@gmail.com] \r Subject: RE: \r Importance: High \r Have fun!! \r Hope to see you on the 4th. \r I leave for SF on the 5th \r Sent from my Windows Phone \r From
c0005	1.0	text	.txt	textlike	d08897d7ac9ae368017f3f08	d08897d7ac9ae368017f3f0804e7fbcc5948634fe53379bbb476749f680f6d94	TEXT-20251116T222102Z-1-001	TEXT-20251116T222102Z-1-001/TEXT/001/HOUSE_OVERSIGHT_026428.txt	2291	2291	62	0.0305543430816237	0.0484504583151462	5	0	2	0	From: \r Sent: \r To: \r Subject: \r Attachments: \r jeffrey E. [jeevacation@gmail.com] \r 11/28/2016 12:46:44 PM \r Lesley Groff \r Fwd: Ref. : TR: \r butterfly_top.gif; butterfly_bottom.gif \r ----------Forwarded message---------- \r From
c0005	1.0	text	.txt	textlike	777da00d2625f5c9adc1f409	777da00d2625f5c9adc1f40930024541e9415c71cdd2a7bace9766a847800863	TEXT-20251116T222102Z-1-001	TEXT-20251116T222102Z-1-001/TEXT/002/HOUSE_OVERSIGHT_032306.txt	2335	2335	59	0.0329764453961456	0.0706638115631691	3	0	1	0	From: Darren Indyke \r Sent: 10/9/2016 2:53:46 AM \r To: jeffrey E. [jeevacation@gmail.com] \r Subject: Re: WSJ inquiry -- on deadline \r Importance: High \r i Privileged - Redacted i \r i \r Sent from my iPhone \r On Oct 8, 2016, at 9:17 P
c0005	1.0	text	.txt	textlike	dd880f6fb70fa1cff32c19a2	dd880f6fb70fa1cff32c19a286ee0fd15f1185a8f6dc60bc5b25e72588091e90	TEXT-20251116T222102Z-1-001	TEXT-20251116T222102Z-1-001/TEXT/002/HOUSE_OVERSIGHT_032760.txt	2063	2063	55	0.0252060106640814	0.0416868637905962	5	0	1	0	From: \r Sent: \r To: \r CC: \r Subject: \r LHS \r 3/25/2018 5:25:02 PM \r jeffrey E. [jeeyacation@gmail.com] \r lhsoffice \r Re: \r Importance: High \r Got it till when ? \r Sent from my iPhone \r Please direct all scheduling inquiries to 
c0005	1.0	text	.txt	textlike	c6eb76d5f4c94cdba594ce94	c6eb76d5f4c94cdba594ce94eb8ce9a9ec7827449e8be96b0bd97cc2871cfa44	TEXT-20251116T222102Z-1-001	TEXT-20251116T222102Z-1-001/TEXT/001/HOUSE_OVERSIGHT_026106.txt	5421	5419	133	0.0271267761579627	0.0468721166266838	7	0	1	0	From: Nicholas Ribis \r Sent: 6/2/2017 11:22:47 PM \r To: jeffrey E. [jeeyacation@gmail.com] \r Subject: Re: \r Importance: High \r At wake now. Is AM ok - what is # \r Sent from my BlackBerry 10 smartphone. \r From: Jeffrey E. \r Sent: Fri
c0005	1.0	text	.txt	textlike	23965276a77ed48ce515af89	23965276a77ed48ce515af89667e57758913032ea32d22af9184593334f167bc	TEXT-20251116T222102Z-1-001	TEXT-20251116T222102Z-1-001/TEXT/001/HOUSE_OVERSIGHT_029255.txt	2124	2122	60	0.0282752120640904	0.0645617342130066	3	0	1	0	From: \r Sent: \r To: \r Subject: \r Attachments: \r Importance: \r jeffrey E. [jeevacation@gmail.com] \r 4/28/2016 4:39:12 PM \r Alan M. Dershowitz \r Fwd: Reuters / lawsuit against Jeffrey Epstein \r katie johnson v trump complaint.pdf \r
noise	0.0	text	.txt	textlike	8e34b11f00ef26342fddfc14	8e34b11f00ef26342fddfc1482458f6ae13018778a0e40362d330ce716db78f0	TEXT-20251116T222102Z-1-001	TEXT-20251116T222102Z-1-001/TEXT/001/HOUSE_OVERSIGHT_028326.txt	51084	50876	1	0.0721361742275336	0.0418664989385958	0	21	0	0	"﻿{""componentLayouts"":{""_defaultComponentLayout"":{""columnRange"":{""length"":12,""start"":0},""identifier"":""_defaultComponentLayout""},""bodyLayout"":{""columnRange"":{""length"":10,""start"":1},""identifier"":""bodyLayout"",""margin"":{""bottom"":""10.0pt"",""top"":"""
noise	0.0	text	.txt	textlike	ab3866af2af89fccec70c5a4	ab3866af2af89fccec70c5a4688f5fcd0271ca3d022411f7e2ada121b83bf2ab	TEXT-20251116T222102Z-1-001	TEXT-20251116T222102Z-1-001/TEXT/001/HOUSE_OVERSIGHT_028336.txt	51587	51481	1	0.0960354305471921	0.0330218915716477	0	41	0	3	"﻿{""componentLayouts"":{""ComponentLayout-1"":{""columnRange"":{""length"":8,""start"":0},""contentInset"":{""bottom"":false,""left"":true,""right"":true,""top"":false},""identifier"":""ComponentLayout-1"",""ignoreDocumentMargin"":""both"",""margin"":{""bottom"":""25.0pt"","
noise	0.0	text	.txt	textlike	088c687023c7ad9c11b5db0d	088c687023c7ad9c11b5db0db6449420a2d8d027d6486a0290178a9c525dd34c	TEXT-20251116T222102Z-1-001	TEXT-20251116T222102Z-1-001/TEXT/001/HOUSE_OVERSIGHT_028347.txt	129328	129279	1	0.0860464576613371	0.0421259446623194	0	77	0	0	"﻿{""componentLayouts"":{""ComponentLayout-1"":{""columnRange"":{""length"":20,""start"":0},""identifier"":""ComponentLayout-1"",""ignoreDocumentMargin"":""both""},""ComponentLayout-11"":{""columnRange"":{""length"":20,""start"":0},""identifier"":""ComponentLayout-11"","""
noise	0.0	text	.txt	textlike	f2dec3af6294fabd1c0a90eb	f2dec3af6294fabd1c0a90eb926cc727da792164763c381d1642008aaae7f843	TEXT-20251116T222102Z-1-001	TEXT-20251116T222102Z-1-001/TEXT/001/HOUSE_OVERSIGHT_028375.txt	32184	32082	1	0.0695093822080917	0.0360326662926251	0	20	1	3	"﻿{""componentLayouts"":{""ComponentLayout-1"":{""columnRange"":{""length"":8,""start"":0},""contentInset"":{""bottom"":false,""left"":true,""right"":true,""top"":false},""identifier"":""ComponentLayout-1"",""ignoreDocumentMargin"":""both"",""margin"":{""bottom"":""25.0pt"","
noise	0.0	text	.txt	textlike	2b3fc95c345b07b0b5df83a5	2b3fc95c345b07b0b5df83a51b32af4f2312f2ecaf65abe0e8b0abfc5827c721	TEXT-20251116T222102Z-1-001	TEXT-20251116T222102Z-1-001/TEXT/001/HOUSE_OVERSIGHT_028382.txt	64769	64541	1	0.0838071923273578	0.0351714414093367	2	64	0	3	"﻿{""componentLayouts"":{""ComponentLayout-1"":{""columnRange"":{""length"":8,""start"":0},""contentInset"":{""bottom"":false,""left"":true,""right"":true,""top"":false},""identifier"":""ComponentLayout-1"",""ignoreDocumentMargin"":""both"",""margin"":{""bottom"":""25.0pt"","
noise	0.0	text	.txt	textlike	4711c57eb11c1ce57fb5642e	4711c57eb11c1ce57fb5642e886e6b8f59cd3c1fbec8598eee49d636ab4a2b35	TEXT-20251116T222102Z-1-001	TEXT-20251116T222102Z-1-001/TEXT/001/HOUSE_OVERSIGHT_028397.txt	41793	41601	1	0.0749501213913127	0.0338693781399485	0	26	1	0	"﻿{""componentLayouts"":{""ComponentLayout-1"":{""columnRange"":{""length"":8,""start"":0},""contentInset"":{""bottom"":false,""left"":true,""right"":true,""top"":false},""identifier"":""ComponentLayout-1"",""ignoreDocumentMargin"":""both"",""margin"":{""bottom"":""25.0pt"","
noise	0.0	text	.txt	textlike	fde2d90bc7ae7aaa78a673ac	fde2d90bc7ae7aaa78a673ac375acc94eaf42ee12788bd387cee8cfdd44321b3	TEXT-20251116T222102Z-1-001	TEXT-20251116T222102Z-1-001/TEXT/001/HOUSE_OVERSIGHT_028406.txt	31470	31412	1	0.0773908060613778	0.0415127976569463	4	23	0	1	"﻿{""componentLayouts"":{""ComponentLayout-1"":{""columnRange"":{""length"":11,""start"":0},""identifier"":""ComponentLayout-1"",""ignoreDocumentMargin"":""both""},""_defaultComponentLayout"":{""columnRange"":{""length"":11,""start"":0},""identifier"":""_defaultComponen"
noise	0.0	text	.txt	textlike	4c429ca388411d62f2ba0fd5	4c429ca388411d62f2ba0fd5ac04e6ed45c264f47bf03852fadd711213328fb9	TEXT-20251116T222102Z-1-001	TEXT-20251116T222102Z-1-001/TEXT/001/HOUSE_OVERSIGHT_028413.txt	56791	56621	1	0.0770032320163896	0.0314900831846841	0	42	0	16	"﻿{""componentLayouts"":{""ComponentLayout-1"":{""columnRange"":{""length"":8,""start"":0},""contentInset"":{""bottom"":false,""left"":true,""right"":true,""top"":false},""identifier"":""ComponentLayout-1"",""ignoreDocumentMargin"":""both"",""margin"":{""bottom"":""25.0pt"","
noise	0.0	text	.txt	textlike	85b5bff9962a37fa12d4b862	85b5bff9962a37fa12d4b862c799f0e339d9ffd18a9a3c52bc6dff5e1b0ed867	TEXT-20251116T222102Z-1-001	TEXT-20251116T222102Z-1-001/TEXT/001/HOUSE_OVERSIGHT_028425.txt	31808	31656	1	0.0644427596664139	0.0362016679302501	0	14	0	0	"﻿{""componentLayouts"":{""ComponentLayout-1"":{""columnRange"":{""length"":8,""start"":0},""contentInset"":{""bottom"":false,""left"":true,""right"":true,""top"":false},""identifier"":""ComponentLayout-1"",""ignoreDocumentMargin"":""both"",""margin"":{""bottom"":""25.0pt"","
noise	0.0	text	.txt	textlike	605713a1dcf336a03bedfc37	605713a1dcf336a03bedfc37435a0ebc4cd21daa09c51352b26eb832b9f19d01	TEXT-20251116T222102Z-1-001	TEXT-20251116T222102Z-1-001/TEXT/001/HOUSE_OVERSIGHT_028432.txt	36890	36564	1	0.0630127994748933	0.034788316376764	0	16	2	0	"﻿{""componentLayouts"":{""ComponentLayout-1"":{""columnRange"":{""length"":8,""start"":0},""contentInset"":{""bottom"":false,""left"":true,""right"":true,""top"":false},""identifier"":""ComponentLayout-1"",""ignoreDocumentMargin"":""both"",""margin"":{""bottom"":""25.0pt"","
noise	0.0	text	.txt	textlike	72945236e753e7e3269d1189	72945236e753e7e3269d11896e7baf689ecb95c9f4d9ded04a49895e5ca217be	TEXT-20251116T222102Z-1-001	TEXT-20251116T222102Z-1-001/TEXT/001/HOUSE_OVERSIGHT_028440.txt	28667	28467	1	0.0413109916745705	0.0395897003547967	0	4	0	0	"﻿{""advertisingSettings"":{""enabled"":true,""frequency"":5},""autoplacement"":{""advertisement"":{""enabled"":true,""frequency"":5}},""componentLayouts"":{""_defaultComponentLayout"":{""columnRange"":{""length"":10,""start"":0},""identifier"":""_defaultComponentLayo"
noise	0.0	text	.txt	textlike	f02156a281a47db620c33ce9	f02156a281a47db620c33ce96ddc3a2d6b27e4fcf26567b6f747a80e34ffd196	TEXT-20251116T222102Z-1-001	TEXT-20251116T222102Z-1-001/TEXT/001/HOUSE_OVERSIGHT_028446.txt	33014	32825	1	0.0683320639756283	0.0412185833968012	0	20	0	0	"﻿{""componentLayouts"":{""ComponentLayout-1"":{""columnRange"":{""length"":8,""start"":0},""contentInset"":{""bottom"":false,""left"":true,""right"":true,""top"":false},""identifier"":""ComponentLayout-1"",""ignoreDocumentMargin"":""both"",""margin"":{""bottom"":""25.0pt"","
